{
    "YcbHammer": [
        [
            80,
            59,
            45.0
        ],
        [
            56,
            55,
            135.0
        ],
        [
            40,
            69,
            0
        ],
        [
            66,
            57,
            135.0
        ],
        [
            51,
            71,
            90.0
        ],
        [
            70,
            66,
            45.0
        ],
        [
            42,
            81,
            45.0
        ],
        [
            70,
            53,
            67.5
        ],
        [
            106,
            67,
            67.5
        ],
        [
            73,
            58,
            -45.0
        ],
        [
            64,
            90,
            135.0
        ],
        [
            44,
            56,
            22.5
        ]
    ],
    "YcbMediumClamp": [
        [
            51,
            64,
            157.5
        ],
        [
            66,
            64,
            45.0
        ],
        [
            70,
            67,
            45.0
        ],
        [
            48,
            61,
            0
        ],
        [
            50,
            53,
            67.5
        ],
        [
            55,
            52,
            0
        ],
        [
            90,
            49,
            67.5
        ],
        [
            78,
            55,
            135.0
        ],
        [
            39,
            55,
            67.5
        ],
        [
            63,
            66,
            90.0
        ],
        [
            71,
            52,
            45.0
        ],
        [
            47,
            67,
            135.0
        ]
    ],
    "YcbMustardBottle": [
        [
            46,
            78,
            -22.5
        ],
        [
            74,
            52,
            67.5
        ],
        [
            61,
            59,
            90.0
        ],
        [
            46,
            81,
            22.5
        ],
        [
            54,
            78,
            67.5
        ],
        [
            64,
            77,
            135.0
        ],
        [
            61,
            53,
            0
        ],
        [
            56,
            65,
            112.5
        ],
        [
            73,
            59,
            67.5
        ],
        [
            53,
            69,
            45.0
        ],
        [
            47,
            41,
            135.0
        ],
        [
            60,
            71,
            135.0
        ]
    ],
    "YcbPowerDrill": [
        [
            65,
            63,
            45.0
        ],
        [
            75,
            40,
            0
        ],
        [
            78,
            66,
            67.5
        ],
        [
            73,
            59,
            0
        ],
        [
            93,
            68,
            90.0
        ],
        [
            89,
            49,
            67.5
        ],
        [
            104,
            70,
            157.5
        ],
        [
            40,
            39,
            135.0
        ],
        [
            63,
            75,
            112.5
        ],
        [
            73,
            75,
            112.5
        ],
        [
            99,
            85,
            112.5
        ],
        [
            80,
            68,
            67.5
        ]
    ],
    "YcbTomatoSoupCan": [
        [
            49,
            70,
            67.5
        ],
        [
            49,
            75,
            157.5
        ],
        [
            66,
            47,
            67.5
        ],
        [
            66,
            49,
            45.0
        ],
        [
            55,
            67,
            112.5
        ],
        [
            51,
            70,
            45.0
        ],
        [
            72,
            72,
            135.0
        ],
        [
            76,
            71,
            0
        ],
        [
            82,
            75,
            112.5
        ],
        [
            80,
            55,
            135.0
        ],
        [
            65,
            85,
            135.0
        ],
        [
            72,
            77,
            67.5
        ]
    ]
}